"title","sku_id","rating","min_order","description","images","sample_item_price","prices","certificate_CE","certificate_FCC","seller_name","seller_country","seller_year","review_count","tags","verify_tag_url","main_product","video_url","page_url"
"NEW OEM MOPAR RAM 1500 2013-2020 Chrome Laramie FRONT Grille 6NM18SZ0AA","1600064206693","4.9","The minimum order quantity is {0}","New Oem Mopar Ram 1500 2013-2020 Chrome Laramie Front Grille 6nm18sz0aa , Find Complete Details about New Oem Mopar Ram 1500 2013-2020 Chrome Laramie Front Grille 6nm18sz0aa,Skoda Octavia Front Grill from Beijing Wenhaoxuan Trading Co., Ltd. Supplier or Manufacturer on Alibaba.com","https://s.alicdn.com/@sc02/kf/Hf2a05e4a31af47458d9a1d29126c518ec.png_100x100xz.png, https://s.alicdn.com/@sc04/kf/Hf2a05e4a31af47458d9a1d29126c518ec.png_100x100xz.png, https://s.alicdn.com/@sc04/kf/Hd551197450044babbe7f046728131311U.png_100x100xz.png, https://s.alicdn.com/@sc04/kf/Hbfef50eeae20499eb00c5d74fd6b244ek.png_100x100xz.png, https://s.alicdn.com/@sc04/kf/Hf6d935114f994dae9e047fd50f23f47eA.png_100x100xz.png, https://img.alicdn.com/imgextra/i1/O1CN01mREyoz1evMWQnJZou_!!6000000003933-55-tps-64-64.svg, https://img.alicdn.com/imgextra/i1/O1CN01mREyoz1evMWQnJZou_!!6000000003933-55-tps-64-64.svg","","1 - 49 pieces=$2.00, >= 50 pieces=$1.00","","","Liu","CN","3","17","FloorSpace(m²)","https://fuwu.alibaba.com/page/verifiedsuppliers.htm?tracelog=from_widget_supplier_card_plus_esite","Car Grills","https://video01.alibaba.com/vod-icbu/7c569251818fbca4/xduBiTObJ2nfdXWSaHy/SJGV0NKBq0CuMbxG0VG_278305352256_sd_hq.mp4?w=540&h=540&e=sd&t=2101d55f16715424717525826e16ad&b=icbu_video&p=*_icbu_vod_publish&tr=mp4-264-sd","https://www.alibaba.com/product-detail/Ram-Ram-NEW-OEM-MOPAR-RAM_1600064206693.html"
"ONEHONG Raspberry Pi 4 Model B 1GB 2GB 4GB 8GB Compute Module 2gb/4gb/8gb RAM For Raspberry PI Raspberry PI 4","1600697824151","5.0","The minimum order quantity is {0}","Onehong Raspberry Pi 4 Model B 1gb 2gb 4gb 8gb Compute Module 2gb/4gb/8gb Ram For Raspberry Pi Raspberry Pi 4 , Find Complete Details about Onehong Raspberry Pi 4 Model B 1gb 2gb 4gb 8gb Compute Module 2gb/4gb/8gb Ram For Raspberry Pi Raspberry Pi 4,Raspberry Pi 4 8gb,Raspberry Pi Development Board,Raspberry Pi 8gb from Shenzhen Yihong Electronics Co., Ltd. Supplier or Manufacturer on Alibaba.com","https://s.alicdn.com/@img/imgextra/i1/6000000004774/O1CN01Snz7Yf1l8XbzkmiaF_!!6000000004774-0-tbvideo.jpg_100x100xz.jpg, https://s.alicdn.com/@sc04/kf/H9e1a326fd331427aaca7659fb014cf30Q.jpg_100x100xz.jpg, https://s.alicdn.com/@sc04/kf/H058b841d7f284ddf8070f5d2268340fcL.jpg_100x100xz.jpg, https://s.alicdn.com/@sc04/kf/Hb1fea6790c584f36b64dd84a486fe293y.jpg_100x100xz.jpg, https://s.alicdn.com/@sc04/kf/H15a96fbe258749fdbfb1805ca3c5a28e7.jpg_100x100xz.jpg, https://s.alicdn.com/@sc04/kf/H28c3764991ee47098f86ad0e8a88c055c.jpg_100x100xz.jpg, https://s.alicdn.com/@sc04/kf/H742c14c94e754de6a5a7c752414c485eM.jpg_100x100xz.jpg, https://img.alicdn.com/imgextra/i1/O1CN01mREyoz1evMWQnJZou_!!6000000003933-55-tps-64-64.svg, https://img.alicdn.com/imgextra/i1/O1CN01mREyoz1evMWQnJZou_!!6000000003933-55-tps-64-64.svg","$50.00/piece","1 - 999 pieces=$35.80, 1000 - 2999 pieces=$35.00, >= 3000 pieces=$34.50","","","XIAOMIN","CN","1","3","FloorSpace(m²)","https://fuwu.alibaba.com/page/verifiedsuppliers.htm?tracelog=from_widget_supplier_card_plus_esite","Development Boards, Kits","https://video01.alibaba.com/vod-icbu/4f4e1c368ac918af/31cc232b4499da8d/20221120_429a9a16ae2693a7_388303531167_mp4_264_sd_unlimit_taobao.mp4?w=960&h=540&e=sd&t=2101d55f16715424736415833e16ad&b=icbu_video&p=*_icbu_vod_publish&tr=mp4-264-sd-unlimit","https://www.alibaba.com/product-detail/Ram-ONEHONG-Raspberry-Pi-4-Model_1600697824151.html?s=p"
"pc ram desktop computer Memory ddr4 2400mhz 2666mhz 3000mhz 3200mhz 4gb 8gb 16gb 32gb memoria","1600604212446","4.9","The minimum order quantity is {0}","Pc Ram Desktop Computer Memory Ddr4 2400mhz 2666mhz 3000mhz 3200mhz 4gb 8gb 16gb 32gb Memoria , Find Complete Details about Pc Ram Desktop Computer Memory Ddr4 2400mhz 2666mhz 3000mhz 3200mhz 4gb 8gb 16gb 32gb Memoria,Ddr4 2400mhz Ram,Ddr4 Memory,Ddr4 8gb Memoria For Desktop from Shenzhen Youcun Technology Co., Ltd. Supplier or Manufacturer on Alibaba.com","https://s.alicdn.com/@img/imgextra/i1/6000000004378/O1CN01ZYdy271iDAixP4Btj_!!6000000004378-0-tbvideo.jpg_100x100xz.jpg, https://s.alicdn.com/@sc04/kf/Hc6ffb31ff894458987d4680d28c8b11b6.jpg_100x100xz.jpg, https://s.alicdn.com/@sc04/kf/H9abe6941feca4a5e89723222f04b6b75H.jpg_100x100xz.jpg, https://s.alicdn.com/@sc04/kf/H6d9bbc1dd38344a7bb27b409af83fcd9n.png_100x100xz.png, https://s.alicdn.com/@sc04/kf/Hf60be8c7103f4463b350f6a7acd3366eF.jpg_100x100xz.jpg, https://s.alicdn.com/@sc04/kf/H935461836ee84056995deef27a31a36dg.png_100x100xz.png, https://s.alicdn.com/@sc04/kf/H7f644e1a31144e15b033ada7c3ba977a2.jpg_100x100xz.jpg, https://img.alicdn.com/imgextra/i1/O1CN01mREyoz1evMWQnJZou_!!6000000003933-55-tps-64-64.svg, https://img.alicdn.com/imgextra/i1/O1CN01mREyoz1evMWQnJZou_!!6000000003933-55-tps-64-64.svg","$74.99/piece","$8.99 - $34.99, / piece , 2 piece/pieces, (Min. order)","","","Vivian","CN","3","19","FloorSpace(m²)","https://fuwu.alibaba.com/page/verifiedsuppliers.htm?tracelog=from_widget_supplier_card_plus_esite","RAMs","https://video01.alibaba.com/vod-icbu/c479e46b6b0b910c/DRZfFm2RF6PGQOO6ZAW/TTUkSN7G3SKgUzWwLNi_353058816731_mp4_264_sd_unlimit_taobao.mp4?w=960&h=540&e=sd&t=2101d49316715424755916222e9884&b=icbu_video&p=*_icbu_vod_publish&tr=mp4-264-sd-unlimit","https://www.alibaba.com/product-detail/pc-ram-desktop-computer-Memory-ddr4_1600604212446.html?s=p"
"Stock Carrier Board Raspberry Pi Compute Module 2GB LPDDR4 RAM Onboard 16GB eMMC IO Board which you choose","1600698358848","5.0","The minimum order quantity is {0}","Stock Carrier Board Raspberry Pi Compute Module 2gb Lpddr4 Ram Onboard 16gb Emmc Io Board Which You Choose , Find Complete Details about Stock Carrier Board Raspberry Pi Compute Module 2gb Lpddr4 Ram Onboard 16gb Emmc Io Board Which You Choose,Compute Module 4 Io Board,Dual Camera Inputs For Advanced Vision System Io Board,Pcie Gen3 Computer Kit from Polyhex Technology Company Limited Supplier or Manufacturer on Alibaba.com","https://s.alicdn.com/@img/imgextra/i2/6000000005312/O1CN01e87p8f1p6wgtdiFgq_!!6000000005312-0-tbvideo.jpg_100x100xz.jpg, https://s.alicdn.com/@sc04/kf/H61ad57a621b5410dac7d0de467e6397fe.png_100x100xz.png, https://s.alicdn.com/@sc04/kf/Hc6276c34ae59497e9a8433ae36ecdcd9J.png_100x100xz.png, https://s.alicdn.com/@sc04/kf/Hdfe66066be294811b0dbdb960ea6da0fa.png_100x100xz.png, https://s.alicdn.com/@sc04/kf/H014296c7b528431081d5dea76f984e11G.jpg_100x100xz.jpg, https://s.alicdn.com/@sc04/kf/H3316c9b5ff6f45d1a495520a2c4fa616l.jpg_100x100xz.jpg, https://s.alicdn.com/@sc04/kf/H046904ce4d5e41eebe24071ff3ef953cS.jpg_100x100xz.jpg, https://img.alicdn.com/imgextra/i1/O1CN01mREyoz1evMWQnJZou_!!6000000003933-55-tps-64-64.svg, https://img.alicdn.com/imgextra/i1/O1CN01mREyoz1evMWQnJZou_!!6000000003933-55-tps-64-64.svg","","1 - 49 pieces=$200.00, 50 - 499 pieces=$190.00, >= 500 pieces=$175.00","","","Holly","CN","5","2","FloorSpace(m²)","https://fuwu.alibaba.com/page/verifiedsuppliers.htm?tracelog=from_widget_supplier_card_plus_esite","Motherboards","https://video01.alibaba.com/vod-icbu/4f4e1c368ac918af/d5b0f0ab06bbf318/20221025_33ad18d1ef2551dc_382471628550_mp4_264_sd_unlimit_taobao.mp4?w=960&h=540&e=sd&t=2101d49316715424777056260e9884&b=icbu_video&p=*_icbu_vod_publish&tr=mp4-264-sd-unlimit","https://www.alibaba.com/product-detail/Ram-Stock-Carrier-Board-Raspberry-Pi_1600698358848.html?s=p"
"RGB Memory ram DDR4 16GB 32GB 3200MHz Gaming memory ram for desktop","1600443417371","4.9","The minimum order quantity is {0}","Rgb Memory Ram Ddr4 16gb 32gb 3200mhz Gaming Memory Ram For Desktop , Find Complete Details about Rgb Memory Ram Ddr4 16gb 32gb 3200mhz Gaming Memory Ram For Desktop,Memory,Ddr4 Ram,Ddr4 16gb from Shenzhen Global Hightech Import & Export Co., Ltd. Supplier or Manufacturer on Alibaba.com","https://s.alicdn.com/@sc02/kf/H44ab7ecc90f747d1b1b5162bbe7b56fdv.png_100x100xz.png, https://s.alicdn.com/@sc04/kf/H2e05548199db4760a18c160abbed4604x.png_100x100xz.png, https://s.alicdn.com/@sc04/kf/Haab95d0e275d46b4b6493f96425796b1Y.png_100x100xz.png, https://s.alicdn.com/@sc04/kf/H6106a6f7f08a45738abdccd017f699f2c.png_100x100xz.png, https://s.alicdn.com/@sc04/kf/Hff2c66ffafb74ee2a36c7c416945c0dfu.png_100x100xz.png, https://s.alicdn.com/@sc04/kf/Hec85f09d0eae48a18637593a2f09bef3G.png_100x100xz.png, https://s.alicdn.com/@sc04/kf/Hc350d7a1d82c44d2893b68393e8d8590F.png_100x100xz.png, https://img.alicdn.com/imgextra/i1/O1CN01mREyoz1evMWQnJZou_!!6000000003933-55-tps-64-64.svg, https://img.alicdn.com/imgextra/i1/O1CN01mREyoz1evMWQnJZou_!!6000000003933-55-tps-64-64.svg","$35.00/piece","$10.00 - $40.00, / piece , 10 piece/pieces, (Min. order)","","","Grace","CN","13","61","FloorSpace(m²)","https://fuwu.alibaba.com/page/verifiedsuppliers.htm?tracelog=from_widget_supplier_card_plus_esite","RAMs","","https://www.alibaba.com/product-detail/Ram-RGB-Memory-Ram-DDR4-16GB_1600443417371.html?s=p"
"KingSpec Newest RGB light UDIMM DDR 4 ram memory PC Desktop 8GB 16GB 2666MHZ memoria ram ddr4 for gaming","1600609918580","4.7","The minimum order quantity is {0}","Kingspec Newest Rgb Light Udimm Ddr 4 Ram Memory Pc Desktop 8gb 16gb 2666mhz Memoria Ram Ddr4 For Gaming , Find Complete Details about Kingspec Newest Rgb Light Udimm Ddr 4 Ram Memory Pc Desktop 8gb 16gb 2666mhz Memoria Ram Ddr4 For Gaming,8 Gb Ddr 4 Memoria Ram Ddr4,Best Ddr 4 Ram Memoria Ram Ddr4,Ddr 2666 Memoria Ram Ddr4 from Shenzhen Kingspec Electronics Technology Co., Ltd. Supplier or Manufacturer on Alibaba.com","https://s.alicdn.com/@sc04/kf/H0e38c94faf204dcea22db6b38a91d423X.jpg_100x100xz.jpg, https://s.alicdn.com/@sc04/kf/H93b3a6c98a2e4fcca6b6c10f577a2b3a8.jpg_100x100xz.jpg, https://s.alicdn.com/@sc04/kf/H73f8bf7e244541b087acfef6ccd52f97U.jpg_100x100xz.jpg, https://s.alicdn.com/@sc04/kf/H09e76a2f2f7e42d787ecc5f70571216cq.jpg_100x100xz.jpg, https://s.alicdn.com/@sc04/kf/Hdada7356f54a4cdb9a16102ecca35759p.jpg_100x100xz.jpg, https://s.alicdn.com/@sc04/kf/H37d6f87a226a4e16935f81496025a665n.jpg_100x100xz.jpg, https://s.alicdn.com/@sc04/kf/Hdf4f1e1ec1fa42dcab31eefe3869d16fN.jpg_100x100xz.jpg, https://img.alicdn.com/imgextra/i1/O1CN01mREyoz1evMWQnJZou_!!6000000003933-55-tps-64-64.svg, https://img.alicdn.com/imgextra/i1/O1CN01mREyoz1evMWQnJZou_!!6000000003933-55-tps-64-64.svg","$47.48/piece","$23.74 - $47.48, / piece , 1 piece/pieces, (Min. order)","","","KingSpec","CN","4","21","FloorSpace(m²)","https://fuwu.alibaba.com/page/verifiedsuppliers.htm?tracelog=from_widget_supplier_card_plus_esite","RAMs","https://video01.alibaba.com/vod-icbu/7cd65cb0783a1c02/2R0Y7HvxxG62RRvI1TH/8kETlvekQV3nMB9J6zI_357917707810_mp4_264_sd_unlimit_taobao.mp4?w=952&h=540&e=sd&t=2101d55f16715424815685922e16ad&b=icbu_video&p=*_icbu_vod_publish&tr=mp4-264-sd-unlimit","https://www.alibaba.com/product-detail/Ram-KingSpec-Newest-RGB-Light-UDIMM_1600609918580.html?s=p"
"Intel Core I5 Mini Computer 4K Display Windows OS OPS Mini PC with 4G or 64G DDR4 RAM","1600696009822","4.9","The minimum order quantity is {0}","Intel Core I5 Mini Computer 4k Display Windows Os Ops Mini Pc With 4g Or 64g Ddr4 Ram , Find Complete Details about Intel Core I5 Mini Computer 4k Display Windows Os Ops Mini Pc With 4g Or 64g Ddr4 Ram,Pc Mini Computer,Mini Pc Windows 10,Mini Pc from Shenzhen Zoomtak Electronics Co., Ltd. Supplier or Manufacturer on Alibaba.com","https://s.alicdn.com/@img/imgextra/i3/6000000002987/O1CN01MCbnOV1Xw5qpbbNCb_!!6000000002987-0-tbvideo.jpg_100x100xz.jpg, https://s.alicdn.com/@sc04/kf/H56fac6cd6b3c40f59de47bf5d83a65b8W.jpg_100x100xz.jpg, https://s.alicdn.com/@sc04/kf/Hd6148b4d304945fca6a433e6f1fe3851v.jpg_100x100xz.jpg, https://s.alicdn.com/@sc04/kf/H348f1f7a8f9540deb04d186ea9a5c810I.jpg_100x100xz.jpg, https://s.alicdn.com/@sc04/kf/Hb0e1e6a15d0146c896a63a138a09bcfeK.jpg_100x100xz.jpg, https://s.alicdn.com/@sc04/kf/H5ee0ed75fe044c5795f43ec04fd63459w.jpg_100x100xz.jpg, https://s.alicdn.com/@sc04/kf/H7f1697a473fb4580a6115a338e00874de.jpg_100x100xz.jpg, https://img.alicdn.com/imgextra/i1/O1CN01mREyoz1evMWQnJZou_!!6000000003933-55-tps-64-64.svg, https://img.alicdn.com/imgextra/i1/O1CN01mREyoz1evMWQnJZou_!!6000000003933-55-tps-64-64.svg","$256.00/piece","1 - 99 pieces=$256.00, >= 100 pieces=$234.00","","","Jennifer","CN","11","20","FloorSpace(m²)","https://fuwu.alibaba.com/page/verifiedsuppliers.htm?tracelog=from_widget_supplier_card_plus_esite","Mini PCs","https://video01.alibaba.com/vod-icbu/4f4e1c368ac918af/997296737b5897e8/20221216_c32e646a409b5e41_390641296398_mp4_264_sd_unlimit_taobao.mp4?w=960&h=540&e=sd&t=2101d49b16715424835168917e5ee8&b=icbu_video&p=*_icbu_vod_publish&tr=mp4-264-sd-unlimit","https://www.alibaba.com/product-detail/Ram-Intel-Core-I5-Mini-Computer_1600696009822.html?s=p"
"Full Compatible Memoria RAM DDR3 4GB 8GB 1600MHz 1333MHz PC3-12800 Desktop Memory","1600168133776","4.9","The minimum order quantity is {0}","Full Compatible Memoria Ram Ddr3 4gb 8gb 1600mhz 1333mhz Pc3-12800 Desktop Memory , Find Complete Details about Full Compatible Memoria Ram Ddr3 4gb 8gb 1600mhz 1333mhz Pc3-12800 Desktop Memory,Ddr3,Ddr3 4gb,Memoria Ram Ddr3 from Shenzhen Qingtong World Technology Co., Ltd. Supplier or Manufacturer on Alibaba.com","https://s.alicdn.com/@img/imgextra/i1/6000000007758/O1CN01DJ5eXt27BDLBYO9bp_!!6000000007758-0-tbvideo.jpg_100x100xz.jpg, https://s.alicdn.com/@sc04/kf/Hc37f1d262ed243cbbc6ef9b82035056b7.jpg_100x100xz.jpg, https://s.alicdn.com/@sc04/kf/H0692e4cd80ef46dfb562445c1c69fcb8e.jpg_100x100xz.jpg, https://s.alicdn.com/@sc04/kf/H798120719c3849adb6b0d928f76a7bc6O.jpg_100x100xz.jpg, https://s.alicdn.com/@sc04/kf/Heb1f4f3978664db39c5d678d45577c013.jpg_100x100xz.jpg, https://s.alicdn.com/@sc04/kf/H5974827b7c6c4ab2bf230fd90fbd5e263.jpg_100x100xz.jpg, https://s.alicdn.com/@sc04/kf/H020a6a8b3aa24143b3b6a282cc6fb6ddk.jpg_100x100xz.jpg, https://img.alicdn.com/imgextra/i1/O1CN01mREyoz1evMWQnJZou_!!6000000003933-55-tps-64-64.svg, https://img.alicdn.com/imgextra/i1/O1CN01mREyoz1evMWQnJZou_!!6000000003933-55-tps-64-64.svg","$17.00/piece","$3.50 - $9.50, / piece , 10 piece/pieces, (Min. order)","","","Tony","CN","3","24","FloorSpace(m²)","https://fuwu.alibaba.com/page/verifiedsuppliers.htm?tracelog=from_widget_supplier_card_plus_esite","RAMs","https://video01.alibaba.com/vod-icbu/7c569251818fbca4/okFp2upwR4PMFYXql0E/n8JTwbC4c9HGqILgsv4_301435026163_mp4_264_sd.mp4?w=960&h=540&e=sd&t=2101d55f16715424857005945e16ad&b=icbu_video&p=*_icbu_vod_publish&tr=mp4-264-sd","https://www.alibaba.com/product-detail/Ram-Ddr3-8gb-Full-Compatible-Memoria_1600168133776.html?s=p"
"Customized LOGO wholesale Laptop Parts Ram Sodimm  DDR4 4GB 8GB 16GB 2133MHZ PC 17000 260PIN Memoria Ram","62127202033","5.0","The minimum order quantity is {0}","Customized Logo Wholesale Laptop Parts Ram Sodimm Ddr4 4gb 8gb 16gb 2133mhz Pc 17000 260pin Memoria Ram , Find Complete Details about Customized Logo Wholesale Laptop Parts Ram Sodimm Ddr4 4gb 8gb 16gb 2133mhz Pc 17000 260pin Memoria Ram,Ddr4 8gb Ram 16gb,16gb Memoria Ram,Ddr4 Sodimm 16gb from Shenzhen Kingrich Eletronic Co., Ltd. Supplier or Manufacturer on Alibaba.com","https://s.alicdn.com/@sc04/kf/H3460df02096343e28024e8ef30aae6977.jpg_100x100xz.jpg, https://s.alicdn.com/@sc04/kf/H17a22a53c99d471db566f882175c4a007.jpg_100x100xz.jpg, https://s.alicdn.com/@sc04/kf/H64c116660447411088cd3592c3b115e2l.jpg_100x100xz.jpg, https://s.alicdn.com/@sc04/kf/Hf01cb30fb3e140ffafb845e7e45f6716C.jpg_100x100xz.jpg, https://s.alicdn.com/@sc04/kf/H435a7892239c47d5bf63cf7965d3e8e3D.jpg_100x100xz.jpg, https://s.alicdn.com/@sc04/kf/H6885b43d914b4f8fb8b824362a09d66eP.jpg_100x100xz.jpg, https://img.alicdn.com/imgextra/i1/O1CN01mREyoz1evMWQnJZou_!!6000000003933-55-tps-64-64.svg, https://img.alicdn.com/imgextra/i1/O1CN01mREyoz1evMWQnJZou_!!6000000003933-55-tps-64-64.svg","$14.00/piece","$9.00 - $25.43, / piece , 2 piece/pieces, (Min. order)","","","Emily","CN","4","8","FloorSpace(m²)","https://fuwu.alibaba.com/page/verifiedsuppliers.htm?tracelog=from_widget_supplier_card_plus_esite","RAMs","","https://www.alibaba.com/product-detail/Customized-LOGO-wholesale-Laptop-Parts-Ram_62127202033.html"
"RAM DDR4 4G 8G 16G 32G 2666MHz 3200MHz SO-DIMM U-DIMM Memory Module 4GB 8GB 16GB 32GB PC Desktop Laptop DDR4 RAM","1600568170709","5.0","The minimum order quantity is {0}","Ram Ddr4 4g 8g 16g 32g 2666mhz 3200mhz So-dimm U-dimm Memory Module 4gb 8gb 16gb 32gb Pc Desktop Laptop Ddr4 Ram , Find Complete Details about Ram Ddr4 4g 8g 16g 32g 2666mhz 3200mhz So-dimm U-dimm Memory Module 4gb 8gb 16gb 32gb Pc Desktop Laptop Ddr4 Ram,4g 8g 16g 32g Ram Ddr4,4gb 8gb 16gb 32gb Pc Desktop Laptop Ram Memory,2666mhz 3200mhz Desktop Ram from Shenzhen Quanxing Technology Co., Ltd. Supplier or Manufacturer on Alibaba.com","//s.alicdn.com/@sc04/kf/Hc7ebae84d8f3443dabc3e59283435726d/252564022/Hc7ebae84d8f3443dabc3e59283435726d.jpg_100x100xz.jpg, https://s.alicdn.com/@sc04/kf/H8d211a2c41be4452b4eb36fbab26cbacN.jpg_100x100xz.jpg, https://s.alicdn.com/@sc04/kf/H5bb5173aefff444aa11092470fcaf5e4X.jpg_100x100xz.jpg, https://s.alicdn.com/@sc04/kf/He060b2c6bd69423fa7ff9b303dd56deaw.jpg_100x100xz.jpg, https://s.alicdn.com/@sc04/kf/He58c7b606198423abb23c46df92690fen.jpg_100x100xz.jpg, https://s.alicdn.com/@sc04/kf/Hbc0035c8e2294acd8c8e48fcef290371T.jpg_100x100xz.jpg, https://s.alicdn.com/@sc04/kf/Hecb634530c5b480e96790e860325b914f.jpg_100x100xz.jpg, https://img.alicdn.com/imgextra/i1/O1CN01mREyoz1evMWQnJZou_!!6000000003933-55-tps-64-64.svg, https://img.alicdn.com/imgextra/i1/O1CN01mREyoz1evMWQnJZou_!!6000000003933-55-tps-64-64.svg","$14.10/piece","$14.10 - $64.00, / piece , 1 piece/pieces, (Min. order)","","","Tim","CN","2","24","FloorSpace(m²)","https://fuwu.alibaba.com/page/verifiedsuppliers.htm?tracelog=from_widget_supplier_card_plus_esite","RAMs","","https://www.alibaba.com/product-detail/RAM-DDR4-4G-8G-16G-32G_1600568170709.html"
"100% original RAM Memory 8g DDR4 3200mhz memory Ram For Desktop","1600380196146","4.9","The minimum order quantity is {0}","100% Original Ram Memory 8g Ddr4 3200mhz Memory Ram For Desktop , Find Complete Details about 100% Original Ram Memory 8g Ddr4 3200mhz Memory Ram For Desktop,Ddr4 16gb 2666mhz,16gb Ddr4 3200mhz,Ddr4 2133mhz Memory from Shenzhen Hengfeng Haiye Technology Co., Ltd. Supplier or Manufacturer on Alibaba.com","https://s.alicdn.com/@sc04/kf/H6703bc7aa748427f94ee72a5eab1bb75S/252416107/H6703bc7aa748427f94ee72a5eab1bb75S.jpg_100x100xz.jpg, https://s.alicdn.com/@sc04/kf/H04ddc905ca1b4130b46677e42e841576L.jpg_100x100xz.jpg, https://s.alicdn.com/@sc04/kf/H079d05a3294043848bee0b16f989b8689.jpg_100x100xz.jpg, https://s.alicdn.com/@sc04/kf/H34d40f650bd541289d542853d424bf78g.jpg_100x100xz.jpg, https://s.alicdn.com/@sc04/kf/Hac1ae38231e24889bcd706079611ef17r.jpg_100x100xz.jpg, https://s.alicdn.com/@sc04/kf/Hdfbe21dc533c426dbf4dd3fb74f15b9f3.jpg_100x100xz.jpg, https://s.alicdn.com/@sc04/kf/H439d74dfd0a845a0880bd7047a7c4e038.jpg_100x100xz.jpg, https://img.alicdn.com/imgextra/i1/O1CN01mREyoz1evMWQnJZou_!!6000000003933-55-tps-64-64.svg, https://img.alicdn.com/imgextra/i1/O1CN01mREyoz1evMWQnJZou_!!6000000003933-55-tps-64-64.svg","","$7.99 - $9.99, / piece , 5 piece/pieces, (Min. order)","","","H","CN","2","221","FloorSpace(m²)","https://fuwu.alibaba.com/page/verifiedsuppliers.htm?tracelog=from_widget_supplier_card_plus_esite","RAMs","https://video01.alibaba.com/vod-icbu/a86069d023c8dfc3/NmethELvKAltQ4bY1LX/GTL02oUr5Q9i8C2bqtq_340601790728_mp4_264_sd_unlimit_taobao.mp4?w=540&h=540&e=sd&t=2101d55f16715424921575980e16ad&b=icbu_video&p=*_icbu_vod_publish&tr=mp4-264-sd-unlimit","https://www.alibaba.com/product-detail/100-original-RAM-Memory-8g-DDR4_1600380196146.html"
"Factory Supply Indilinx High Performance Memoria Ram Ddr4 4Gb/8Gb /16Gb  Desktop Ram 16gb ddr4 laptop ram 3200mhz","1600685284709","0.0","The minimum order quantity is {0}","Factory Supply Indilinx High Performance Memoria Ram Ddr4 4gb/8gb /16gb Desktop Ram 16gb Ddr4 Laptop Ram 3200mhz , Find Complete Details about Factory Supply Indilinx High Performance Memoria Ram Ddr4 4gb/8gb /16gb Desktop Ram 16gb Ddr4 Laptop Ram 3200mhz,Ram Memoria Ram Ram Ddr4 8gb Memoria Ram Ddr4 8gb Ram 4gb Ram 16gb 4gb Ram 8 Gb16gb Ddr4 Laptop Ram 3200mhz,Ram Ddr4 Memoria Ram Ddr4 Ddr3 Ram Ram 16gb Ram Pc Ram 4gb Ram Ddr3 Ram Ddr4 16gb Ram 8gb Ddr3 16gb Laptop Ram,Ddr4 Ram Ram Ddr3 Memoria Ram Ddr3 Ram Ddr3 8gb Ddr4 16gb Ram Computer Ram Ram 8gb Ddr3 4gb Ram Ram Ddr3 4gb from Shenzhen Yirong Technology Co., Ltd. Supplier or Manufacturer on Alibaba.com","https://s.alicdn.com/@sc04/kf/H9451e8db127040e2980f5bf8b0bc2b948.jpg_100x100xz.jpg, https://s.alicdn.com/@sc04/kf/H9e4a6609a08d45e99b2d5598d45e10afC.jpg_100x100xz.jpg, https://s.alicdn.com/@sc04/kf/H8d1187964a3b440eb8a86fcaa19f078aI.jpg_100x100xz.jpg, https://s.alicdn.com/@sc04/kf/Hbb5d0acd96ad457eaa49aaeb7e1ffec8d.jpg_100x100xz.jpg, https://s.alicdn.com/@sc04/kf/H97eeadd357954cf881e576982e12269ch.jpg_100x100xz.jpg, https://s.alicdn.com/@sc04/kf/H09b7eead4e484ef0b0fcb693a3972c44N.jpg_100x100xz.jpg, https://img.alicdn.com/imgextra/i1/O1CN01mREyoz1evMWQnJZou_!!6000000003933-55-tps-64-64.svg, https://img.alicdn.com/imgextra/i1/O1CN01mREyoz1evMWQnJZou_!!6000000003933-55-tps-64-64.svg","","$8.60 - $33.00, / piece , 2 piece/pieces, (Min. order)","","","Zhao","CN","3","0","FloorSpace(m²)","","RAMs","","https://www.alibaba.com/product-detail/Factory-Supply-Indilinx-High-Performance-Memoria_1600685284709.html"
"Dropshipping Newest memoria Ddr4 8gb 2666mhz 4gb 16gb 32gb 1.2V 1.35V RAM Desktop Ram With Heatsink","1600693323801","4.8","The minimum order quantity is {0}","Dropshipping Newest Memoria Ddr4 8gb 2666mhz 4gb 16gb 32gb 1.2v 1.35v Ram Desktop Ram With Heatsink , Find Complete Details about Dropshipping Newest Memoria Ddr4 8gb 2666mhz 4gb 16gb 32gb 1.2v 1.35v Ram Desktop Ram With Heatsink,Heatsink 8g 16g 32g Ddr4 Desktop Pc Ram Memroy,Ddr4 32g 3200mhz Desktop Pc Memory Module,32gb Ddr4 Heat Sinke Desktop Ram Memory from Shuole Technology (huizhou) Co., Ltd. Supplier or Manufacturer on Alibaba.com","https://s.alicdn.com/@sc04/kf/H8da51cad21f54789a687295d74ffd76fr.jpg_100x100xz.jpg, https://s.alicdn.com/@sc04/kf/H9e209a5a8d234125869619f1521ea38bf.jpg_100x100xz.jpg, https://s.alicdn.com/@sc04/kf/Hba94478cd1ba4b71a7b69ffdbd03b23de.jpg_100x100xz.jpg, https://img.alicdn.com/imgextra/i1/O1CN01mREyoz1evMWQnJZou_!!6000000003933-55-tps-64-64.svg, https://img.alicdn.com/imgextra/i1/O1CN01mREyoz1evMWQnJZou_!!6000000003933-55-tps-64-64.svg","","2 - 499 pieces=$12.50, 500 - 999 pieces=$12.30, >= 1000 pieces=$12.00","","","better","CN","1","12","FloorSpace(m²)","","RAMs","","https://www.alibaba.com/product-detail/Dropshipping-Newest-memoria-Ddr4-8gb-2666mhz_1600693323801.html"
"crucial RAM DDR4 4GB 8GB 16GB 2133 2400 2666 3200Mhz SODIMM DDR3 laptop Ram PC4 19200 21300 25600 260PIN 1.2V","1600429652086","4.5","The minimum order quantity is {0}","Crucial Ram Ddr4 4gb 8gb 16gb 2133 2400 2666 3200mhz Sodimm Ddr3 Laptop Ram Pc4 19200 21300 25600 260pin 1.2v , Find Complete Details about Crucial Ram Ddr4 4gb 8gb 16gb 2133 2400 2666 3200mhz Sodimm Ddr3 Laptop Ram Pc4 19200 21300 25600 260pin 1.2v,Crucial Ram Ddr4 4gb 8gb 16gb 2133 2400mhz Sodimm 1.2v,Pc4-2400mhz 2666mhz 3200mhz Laptop Ram,Laptop 8gb Ddr4 Ram Pc4 19200 21300 25600 from Shenzhen Pindien Technology Co., Ltd. Supplier or Manufacturer on Alibaba.com","https://s.alicdn.com/@img/imgextra/i4/6000000001377/O1CN0107mnTC1M2i751lHNR_!!6000000001377-0-tbvideo.jpg_100x100xz.jpg, https://s.alicdn.com/@sc04/kf/Hf4196c815aa843ffb18611adf45e3c07g.jpg_100x100xz.jpg, https://s.alicdn.com/@sc04/kf/H8b661b8a920f4cd4980e1f6a00f57f42w.jpg_100x100xz.jpg, https://s.alicdn.com/@sc04/kf/H194fc6708d79423a98c8ff0a690c67bdM.jpg_100x100xz.jpg, https://s.alicdn.com/@sc04/kf/He93c298baa5a4ce2bbd27cf44e3225aeG.jpg_100x100xz.jpg, https://s.alicdn.com/@sc04/kf/H11e5bc32b5ad4545afa13ed49d339077U.jpg_100x100xz.jpg, https://s.alicdn.com/@sc04/kf/Hced48e9f4ca14cd88aa510034580c770F.jpg_100x100xz.jpg, https://img.alicdn.com/imgextra/i1/O1CN01mREyoz1evMWQnJZou_!!6000000003933-55-tps-64-64.svg, https://img.alicdn.com/imgextra/i1/O1CN01mREyoz1evMWQnJZou_!!6000000003933-55-tps-64-64.svg","$19.00/piece","$10.00 - $50.00, / piece , 10 piece/pieces, (Min. order)","","","chunxiu","CN","2","21","FloorSpace(m²)","https://fuwu.alibaba.com/page/verifiedsuppliers.htm?tracelog=from_widget_supplier_card_plus_esite","RAMs","https://video01.alibaba.com/vod-icbu/d7b06e1cb4ee9971/nUJlAQ8jHMJyhQDsHCV/lb0TqyTwXPUDAK89HJf_343747455417_mp4_264_sd_unlimit_taobao.mp4?w=960&h=540&e=sd&t=2101d41f16715424983573532e8e14&b=icbu_video&p=*_icbu_vod_publish&tr=mp4-264-sd-unlimit","https://www.alibaba.com/product-detail/crucial-RAM-DDR4-4GB-8GB-16GB_1600429652086.html"
"Desktop 8 gb ddr3 ram 1600 Mhz memory module ram ddr3 8gb","60724645825","4.8","The minimum order quantity is {0}","Desktop 8 Gb Ddr3 Ram 1600 Mhz Memory Module Ram Ddr3 8gb , Find Complete Details about Desktop 8 Gb Ddr3 Ram 1600 Mhz Memory Module Ram Ddr3 8gb,8 Gb Ddr3,8 Gb Ddr3 Ram,Ddr3 Ram 1600 from Shenzhen Joinwin Technology Co., Ltd. Supplier or Manufacturer on Alibaba.com","https://s.alicdn.com/@img/imgextra/i2/6000000006687/O1CN01rwjasP1zGh83dnkJn_!!6000000006687-0-tbvideo.jpg_100x100xz.jpg, https://s.alicdn.com/@sc04/kf/HTB1RIGvahrvK1RjSszeq6yObFXai.jpg_100x100xz.jpg, https://s.alicdn.com/@sc04/kf/HTB1fHdljwLD8KJjSszeq6yGRpXa5.jpg_100x100xz.jpg, https://s.alicdn.com/@sc04/kf/HTB1sCkOjdbJ8KJjy1zjq6yqapXaX.jpg_100x100xz.jpg, https://s.alicdn.com/@sc04/kf/HTB1Lh0xjv6H8KJjy0Fjq6yXepXan.jpg_100x100xz.jpg, https://s.alicdn.com/@sc04/kf/HTB1BnwGjlDH8KJjSszcq6zDTFXaZ.jpg_100x100xz.jpg, https://s.alicdn.com/@sc04/kf/HTB1d4hrjsnI8KJjSsziq6z8QpXaH.jpg_100x100xz.jpg, https://img.alicdn.com/imgextra/i1/O1CN01mREyoz1evMWQnJZou_!!6000000003933-55-tps-64-64.svg, https://img.alicdn.com/imgextra/i1/O1CN01mREyoz1evMWQnJZou_!!6000000003933-55-tps-64-64.svg","$15.00/piece","$3.00 - $8.80, / piece , 10 piece/pieces, (Min. order)","https://sc04.alicdn.com/kf/H22b19388652b4a57ba374369b3b680dc0.png_100x100.jpg","","Grace","CN","12","36","FloorSpace(m²)","https://fuwu.alibaba.com/page/verifiedsuppliers.htm?tracelog=from_widget_supplier_card_plus_esite","RAMs","https://video01.alibaba.com/vod-icbu/7c569251818fbca4/kxjbDRWWaDjqDq6R6Qy/FM6YeinTnkoMF0Fx2oz_287556052984_sd_hq.mp4?w=960&h=540&e=sd&t=2101d41f16715425004293549e8e14&b=icbu_video&p=*_icbu_vod_publish&tr=mp4-264-sd","https://www.alibaba.com/product-detail/Desktop-8-gb-ddr3-ram-1600_60724645825.html"
"Desktop 2gb 4gb 8gb ddr3 ram 1333mhz 1600mhz 1866mhz memory module ram ddr3 8gb for pc desktop","1600633561869","5.0","The minimum order quantity is {0}","Desktop 2gb 4gb 8gb Ddr3 Ram 1333mhz 1600mhz 1866mhz Memory Module Ram Ddr3 8gb For Pc Desktop , Find Complete Details about Desktop 2gb 4gb 8gb Ddr3 Ram 1333mhz 1600mhz 1866mhz Memory Module Ram Ddr3 8gb For Pc Desktop,Ddr3 8g 1866mhz Memory Module,Transcend Ddr3 Ram,Geforce 9800gt 4gb Ddr3 from Shenzhen Jiepai Technology Co., Ltd. Supplier or Manufacturer on Alibaba.com","https://s.alicdn.com/@sc04/kf/H11e9595d20e64f58b1ac2fcffe8d4485g.jpg_100x100xz.jpg, https://s.alicdn.com/@sc04/kf/H3429d771d1ed4902902ce2c91900d689h.jpg_100x100xz.jpg, https://s.alicdn.com/@sc04/kf/H70e0d191d697493fa83cd5631864e1a9D.jpg_100x100xz.jpg, https://s.alicdn.com/@sc04/kf/Hda0b14be45e748c6a8577db19c0bfe9aX.jpg_100x100xz.jpg, https://s.alicdn.com/@sc04/kf/H678fb9b27e8946b4b55c66d31fa6a5676.jpg_100x100xz.jpg, https://s.alicdn.com/@sc04/kf/H82131e684ca54f51991219d6fbeedb17A.jpg_100x100xz.jpg, https://img.alicdn.com/imgextra/i1/O1CN01mREyoz1evMWQnJZou_!!6000000003933-55-tps-64-64.svg, https://img.alicdn.com/imgextra/i1/O1CN01mREyoz1evMWQnJZou_!!6000000003933-55-tps-64-64.svg","$11.98/piece","1 - 499 pieces=$11.98, 500 - 999 pieces=$11.79, >= 1000 pieces=$11.49","","","man","CN","1","6","FloorSpace(m²)","https://fuwu.alibaba.com/page/verifiedsuppliers.htm?tracelog=from_widget_supplier_card_plus_esite","RAMs","","https://www.alibaba.com/product-detail/Desktop-2gb-4gb-8gb-ddr3-ram_1600633561869.html"
